-- Insert data into CLIENT table
INSERT INTO CLIENT (CLIENTID, CLIENTNAME, PHONE, EMAIL) VALUES (1, 'John Doe', '123456789', 'john.doe@example.com');
INSERT INTO CLIENT (CLIENTID, CLIENTNAME, PHONE, EMAIL) VALUES (2, 'Jane Smith', '987654321', 'jane.smith@example.com');

-- Insert data into HOTEL table
INSERT INTO HOTEL (HOTELID, HOTELNAME, LOCATION, RATING) VALUES (1, 'Grand Hotel', 'Paris', 5);
INSERT INTO HOTEL (HOTELID, HOTELNAME, LOCATION, RATING) VALUES (2, 'Beach Resort', 'Nice', 4);

-- Insert data into EMPLOYEE table
INSERT INTO EMPLOYEE (EMPLOYEEID, EMPLOYEENAME, POSITION, SALARY) VALUES (1, 'Alice Johnson', 'Manager', 60000);
INSERT INTO EMPLOYEE (EMPLOYEEID, EMPLOYEENAME, POSITION, SALARY) VALUES (2, 'Bob Brown', 'Receptionist', 30000);

-- Insert data into ACTIVITY table
INSERT INTO ACTIVITY (ACTIVITYID, ACTIVITYNAME, DESCRIPTION, STARTDATE, ENDDATE, HOTELID) VALUES (1, 'Yoga', 'Morning Yoga Session', '2023-06-01', '2023-06-30', 1);
INSERT INTO ACTIVITY (ACTIVITYID, ACTIVITYNAME, DESCRIPTION, STARTDATE, ENDDATE, HOTELID) VALUES (2, 'Swimming', 'Evening Swimming Session', '2023-07-01', '2023-07-31', 2);

-- Insert data into PARTICIPATION table
INSERT INTO PARTICIPATION (PARTICIPATIONID, ACTIVITYID, CLIENTID, PARTICIPATIONDATE) VALUES (1, 1, 1, '2023-06-10');
INSERT INTO PARTICIPATION (PARTICIPATIONID, ACTIVITYID, CLIENTID, PARTICIPATIONDATE) VALUES (2, 2, 2, '2023-07-15');

-- Insert data into PARTICIPATESIN table
INSERT INTO PARTICIPATESIN (PARTICIPATIONID, ACTIVITYID, CLIENTID) VALUES (1, 1, 1);
INSERT INTO PARTICIPATESIN (PARTICIPATIONID, ACTIVITYID, CLIENTID) VALUES (2, 2, 2);

-- Insert data into RESERVATION table
INSERT INTO RESERVATION (RESERVATIONID, CLIENTID, HOTELID, CHECKINDATE, CHECKOUTDATE) VALUES (1, 1, 1, '2023-06-01', '2023-06-10');
INSERT INTO RESERVATION (RESERVATIONID, CLIENTID, HOTELID, CHECKINDATE, CHECKOUTDATE) VALUES (2, 2, 2, '2023-07-01', '2023-07-15');
